model,model_display_name,model_type,train_type,train_data,description,task_cluster,model_class,model_source,model_source_url,weights_url
alexnet,AlexNet,imagenet,imagenet,imagenet,AlexNet trained on image classification with the ImageNet dataset.,Semantic,Convolutional,torchvision,pytorch.org/docs/stable/torchvision/models.html,
vgg11,VGG11,imagenet,imagenet,imagenet,VGG11 trained on image classification with the ImageNet dataset.,Semantic,Convolutional,torchvision,pytorch.org/docs/stable/torchvision/models.html,
vgg13,VGG13,imagenet,imagenet,imagenet,VGG13 trained on image classification with the ImageNet dataset.,Semantic,Convolutional,torchvision,pytorch.org/docs/stable/torchvision/models.html,
vgg16,VGG16,imagenet,imagenet,imagenet,VGG16 trained on image classification with the ImageNet dataset.,Semantic,Convolutional,torchvision,pytorch.org/docs/stable/torchvision/models.html,
vgg19,VGG19,imagenet,imagenet,imagenet,VGG19 trained on image classification with the ImageNet dataset.,Semantic,Convolutional,torchvision,pytorch.org/docs/stable/torchvision/models.html,
vgg11_bn,VGG11-BatchNorm,imagenet,imagenet,imagenet,VGG11-BatchNorm trained on image classification with the ImageNet dataset.,Semantic,Convolutional,torchvision,pytorch.org/docs/stable/torchvision/models.html,
vgg13_bn,VGG13-BatchNorm,imagenet,imagenet,imagenet,VGG13-BatchNorm trained on image classification with the ImageNet dataset.,Semantic,Convolutional,torchvision,pytorch.org/docs/stable/torchvision/models.html,
vgg16_bn,VGG16-BatchNorm,imagenet,imagenet,imagenet,VGG16-BatchNorm trained on image classification with the ImageNet dataset.,Semantic,Convolutional,torchvision,pytorch.org/docs/stable/torchvision/models.html,
vgg19_bn,VGG19-BatchNorm,imagenet,imagenet,imagenet,VGG19-BatchNorm trained on image classification with the ImageNet dataset.,Semantic,Convolutional,torchvision,pytorch.org/docs/stable/torchvision/models.html,
resnet18,ResNet18,imagenet,imagenet,imagenet,ResNet18 trained on image classification with the ImageNet dataset.,Semantic,Convolutional,torchvision,pytorch.org/docs/stable/torchvision/models.html,
resnet34,ResNet34,imagenet,imagenet,imagenet,ResNet34 trained on image classification with the ImageNet dataset.,Semantic,Convolutional,torchvision,pytorch.org/docs/stable/torchvision/models.html,
resnet50,ResNet50,imagenet,imagenet,imagenet,ResNet50 trained on image classification with the ImageNet dataset.,Semantic,Convolutional,torchvision,pytorch.org/docs/stable/torchvision/models.html,
resnet101,ResNet101,imagenet,imagenet,imagenet,ResNet101 trained on image classification with the ImageNet dataset.,Semantic,Convolutional,torchvision,pytorch.org/docs/stable/torchvision/models.html,
resnet152,ResNet152,imagenet,imagenet,imagenet,ResNet152 trained on image classification with the ImageNet dataset.,Semantic,Convolutional,torchvision,pytorch.org/docs/stable/torchvision/models.html,
squeezenet1_0,SqueezeNet1.0,imagenet,imagenet,imagenet,SqueezeNet1.0 trained on image classification with the ImageNet dataset.,Semantic,Convolutional,torchvision,pytorch.org/docs/stable/torchvision/models.html,
squeezenet1_1,SqueezeNet1.1,imagenet,imagenet,imagenet,SqueezeNet1.1 trained on image classification with the ImageNet dataset.,Semantic,Convolutional,torchvision,pytorch.org/docs/stable/torchvision/models.html,
densenet121,DenseNet121,imagenet,imagenet,imagenet,DenseNet121 trained on image classification with the ImageNet dataset.,Semantic,Convolutional,torchvision,pytorch.org/docs/stable/torchvision/models.html,
densenet161,DenseNet161,imagenet,imagenet,imagenet,DenseNet161 trained on image classification with the ImageNet dataset.,Semantic,Convolutional,torchvision,pytorch.org/docs/stable/torchvision/models.html,
densenet169,DenseNet169,imagenet,imagenet,imagenet,DenseNet169 trained on image classification with the ImageNet dataset.,Semantic,Convolutional,torchvision,pytorch.org/docs/stable/torchvision/models.html,
densenet201,DenseNet201,imagenet,imagenet,imagenet,DenseNet201 trained on image classification with the ImageNet dataset.,Semantic,Convolutional,torchvision,pytorch.org/docs/stable/torchvision/models.html,
googlenet,GoogleNet,imagenet,imagenet,imagenet,GoogleNet trained on image classification with the ImageNet dataset.,Semantic,Convolutional,torchvision,pytorch.org/docs/stable/torchvision/models.html,
shufflenet_v2_x0_5,ShuffleNet-V2-x0.5,imagenet,imagenet,imagenet,ShuffleNet-V2-x0.5 trained on image classification with the ImageNet dataset.,Semantic,Convolutional,torchvision,pytorch.org/docs/stable/torchvision/models.html,
shufflenet_v2_x1_0,ShuffleNet-V2-x1.0,imagenet,imagenet,imagenet,ShuffleNet-V2-x1.0 trained on image classification with the ImageNet dataset.,Semantic,Convolutional,torchvision,pytorch.org/docs/stable/torchvision/models.html,
mobilenet_v2,MobileNet-V2,imagenet,imagenet,imagenet,MobileNet-V2 trained on image classification with the ImageNet dataset.,Semantic,Convolutional,torchvision,pytorch.org/docs/stable/torchvision/models.html,
resnext50_32x4d,ResNext50-32x4D,imagenet,imagenet,imagenet,ResNext50-32x4D trained on image classification with the ImageNet dataset.,Semantic,Convolutional,torchvision,pytorch.org/docs/stable/torchvision/models.html,
resnext101_32x8d,ResNext50-32x8D,imagenet,imagenet,imagenet,ResNext50-32x8D trained on image classification with the ImageNet dataset.,Semantic,Convolutional,torchvision,pytorch.org/docs/stable/torchvision/models.html,
wide_resnet50_2,Wide-ResNet50,imagenet,imagenet,imagenet,Wide-ResNet50 trained on image classification with the ImageNet dataset.,Semantic,Convolutional,torchvision,pytorch.org/docs/stable/torchvision/models.html,
wide_resnet101_2,Wide-ResNet101,imagenet,imagenet,imagenet,Wide-ResNet101 trained on image classification with the ImageNet dataset.,Semantic,Convolutional,torchvision,pytorch.org/docs/stable/torchvision/models.html,
mnasnet0_5,MNASNet0.5,imagenet,imagenet,imagenet,MNASNet0.5 trained on image classification with the ImageNet dataset.,Semantic,Convolutional,torchvision,pytorch.org/docs/stable/torchvision/models.html,
mnasnet1_0,MNASNet1.0,imagenet,imagenet,imagenet,MNASNet1.0 trained on image classification with the ImageNet dataset.,Semantic,Convolutional,torchvision,pytorch.org/docs/stable/torchvision/models.html,
alexnet,AlexNet,imagenet,random,,"AlexNet randomly initialized, with no training.",Semantic,Convolutional,torchvision,pytorch.org/docs/stable/torchvision/models.html,
vgg11,VGG11,imagenet,random,,"VGG11 randomly initialized, with no training.",Semantic,Convolutional,torchvision,pytorch.org/docs/stable/torchvision/models.html,
vgg13,VGG13,imagenet,random,,"VGG13 randomly initialized, with no training.",Semantic,Convolutional,torchvision,pytorch.org/docs/stable/torchvision/models.html,
vgg16,VGG16,imagenet,random,,"VGG16 randomly initialized, with no training.",Semantic,Convolutional,torchvision,pytorch.org/docs/stable/torchvision/models.html,
vgg19,VGG19,imagenet,random,,"VGG19 randomly initialized, with no training.",Semantic,Convolutional,torchvision,pytorch.org/docs/stable/torchvision/models.html,
vgg11_bn,VGG11-BatchNorm,imagenet,random,,"VGG11-BatchNorm randomly initialized, with no training.",Semantic,Convolutional,torchvision,pytorch.org/docs/stable/torchvision/models.html,
vgg13_bn,VGG13-BatchNorm,imagenet,random,,"VGG13-BatchNorm randomly initialized, with no training.",Semantic,Convolutional,torchvision,pytorch.org/docs/stable/torchvision/models.html,
vgg16_bn,VGG16-BatchNorm,imagenet,random,,"VGG16-BatchNorm randomly initialized, with no training.",Semantic,Convolutional,torchvision,pytorch.org/docs/stable/torchvision/models.html,
vgg19_bn,VGG19-BatchNorm,imagenet,random,,"VGG19-BatchNorm randomly initialized, with no training.",Semantic,Convolutional,torchvision,pytorch.org/docs/stable/torchvision/models.html,
resnet18,ResNet18,imagenet,random,,"ResNet18 randomly initialized, with no training.",Semantic,Convolutional,torchvision,pytorch.org/docs/stable/torchvision/models.html,
resnet34,ResNet34,imagenet,random,,"ResNet34 randomly initialized, with no training.",Semantic,Convolutional,torchvision,pytorch.org/docs/stable/torchvision/models.html,
resnet50,ResNet50,imagenet,random,,"ResNet50 randomly initialized, with no training.",Semantic,Convolutional,torchvision,pytorch.org/docs/stable/torchvision/models.html,
resnet101,ResNet101,imagenet,random,,"ResNet101 randomly initialized, with no training.",Semantic,Convolutional,torchvision,pytorch.org/docs/stable/torchvision/models.html,
resnet152,ResNet152,imagenet,random,,"ResNet152 randomly initialized, with no training.",Semantic,Convolutional,torchvision,pytorch.org/docs/stable/torchvision/models.html,
squeezenet1_0,SqueezeNet1.0,imagenet,random,,"SqueezeNet1.0 randomly initialized, with no training.",Semantic,Convolutional,torchvision,pytorch.org/docs/stable/torchvision/models.html,
squeezenet1_1,SqueezeNet1.1,imagenet,random,,"SqueezeNet1.1 randomly initialized, with no training.",Semantic,Convolutional,torchvision,pytorch.org/docs/stable/torchvision/models.html,
densenet121,DenseNet121,imagenet,random,,"DenseNet121 randomly initialized, with no training.",Semantic,Convolutional,torchvision,pytorch.org/docs/stable/torchvision/models.html,
densenet161,DenseNet161,imagenet,random,,"DenseNet161 randomly initialized, with no training.",Semantic,Convolutional,torchvision,pytorch.org/docs/stable/torchvision/models.html,
densenet169,DenseNet169,imagenet,random,,"DenseNet169 randomly initialized, with no training.",Semantic,Convolutional,torchvision,pytorch.org/docs/stable/torchvision/models.html,
densenet201,DenseNet201,imagenet,random,,"DenseNet201 randomly initialized, with no training.",Semantic,Convolutional,torchvision,pytorch.org/docs/stable/torchvision/models.html,
googlenet,GoogleNet,imagenet,random,,"GoogleNet randomly initialized, with no training.",Semantic,Convolutional,torchvision,pytorch.org/docs/stable/torchvision/models.html,
shufflenet_v2_x0_5,ShuffleNet-V2-x0.5,imagenet,random,,"ShuffleNet-V2-x0.5 randomly initialized, with no training.",Semantic,Convolutional,torchvision,pytorch.org/docs/stable/torchvision/models.html,
shufflenet_v2_x1_0,ShuffleNet-V2-x1.0,imagenet,random,,"ShuffleNet-V2-x1.0 randomly initialized, with no training.",Semantic,Convolutional,torchvision,pytorch.org/docs/stable/torchvision/models.html,
mobilenet_v2,MobileNet-V2,imagenet,random,,"MobileNet-V2 randomly initialized, with no training.",Semantic,Convolutional,torchvision,pytorch.org/docs/stable/torchvision/models.html,
resnext50_32x4d,ResNext50-32x4D,imagenet,random,,"ResNext50-32x4D randomly initialized, with no training.",Semantic,Convolutional,torchvision,pytorch.org/docs/stable/torchvision/models.html,
resnext101_32x8d,ResNext50-32x8D,imagenet,random,,"ResNext50-32x8D randomly initialized, with no training.",Semantic,Convolutional,torchvision,pytorch.org/docs/stable/torchvision/models.html,
wide_resnet50_2,Wide-ResNet50,imagenet,random,,"Wide-ResNet50 randomly initialized, with no training.",Semantic,Convolutional,torchvision,pytorch.org/docs/stable/torchvision/models.html,
wide_resnet101_2,Wide-ResNet101,imagenet,random,,"Wide-ResNet101 randomly initialized, with no training.",Semantic,Convolutional,torchvision,pytorch.org/docs/stable/torchvision/models.html,
mnasnet0_5,MNASNet0.5,imagenet,random,,"MNASNet0.5 randomly initialized, with no training.",Semantic,Convolutional,torchvision,pytorch.org/docs/stable/torchvision/models.html,
mnasnet1_0,MNASNet1.0,imagenet,random,,"MNASNet1.0 randomly initialized, with no training.",Semantic,Convolutional,torchvision,pytorch.org/docs/stable/torchvision/models.html,
autoencoding,Autoencoder,taskonomy,taskonomy,taskonomy,Image compression and decompression,2D,Convolutional,taskonomy,github.com/alexsax/midlevel-reps/tree/visualpriors,
class_object,Object Classification,taskonomy,taskonomy,taskonomy,1000-way object classification (via knowledge distillation from ImageNet).,Semantic,Convolutional,taskonomy,github.com/alexsax/midlevel-reps/tree/visualpriors,
class_scene,Scene Classification,taskonomy,taskonomy,taskonomy,Scene Classification (via knowledge distillation from MIT Places).,Semantic,Convolutional,taskonomy,github.com/alexsax/midlevel-reps/tree/visualpriors,
curvature,Curvatures,taskonomy,taskonomy,taskonomy,Magnitude of 3D principal curvatures,3D,Convolutional,taskonomy,github.com/alexsax/midlevel-reps/tree/visualpriors,
denoising,Denoising,taskonomy,taskonomy,taskonomy,Uncorrupted version of corrupted image.,Other,Convolutional,taskonomy,github.com/alexsax/midlevel-reps/tree/visualpriors,
depth_euclidean,Euclidean Depth,taskonomy,taskonomy,taskonomy,Depth estimation,3D,Convolutional,taskonomy,github.com/alexsax/midlevel-reps/tree/visualpriors,
depth_zbuffer,Z-Buffer Depth,taskonomy,taskonomy,taskonomy,Depth estimation.,3D,Convolutional,taskonomy,github.com/alexsax/midlevel-reps/tree/visualpriors,
edge_occlusion,Occlusion Edges,taskonomy,taskonomy,taskonomy,Edges which include parts of the scene.,3D,Convolutional,taskonomy,github.com/alexsax/midlevel-reps/tree/visualpriors,
edge_texture,Texture Edges,taskonomy,taskonomy,taskonomy,Edges computed from RGB only (texture edges).,2D,Convolutional,taskonomy,github.com/alexsax/midlevel-reps/tree/visualpriors,
egomotion,Egomotion,taskonomy,taskonomy,taskonomy,Odometry (camera poses) given three input images.,Geometric,Convolutional,taskonomy,github.com/alexsax/midlevel-reps/tree/visualpriors,
fixated_pose,Camera Pose (Fixated),taskonomy,taskonomy,taskonomy,Relative camera pose with matching optical centers.,Geometric,Convolutional,taskonomy,github.com/alexsax/midlevel-reps/tree/visualpriors,
inpainting,Inpainting,taskonomy,taskonomy,taskonomy,Filling in masked center of image.,2D,Convolutional,taskonomy,github.com/alexsax/midlevel-reps/tree/visualpriors,
jigsaw,Jigsaw,taskonomy,taskonomy,taskonomy,Putting scrambled image pieces back together.,Geometric,Convolutional,taskonomy,github.com/alexsax/midlevel-reps/tree/visualpriors,
keypoints2d,2D Keypoints,taskonomy,taskonomy,taskonomy,Keypoint estimation from RGB-only (texture features).,2D,Convolutional,taskonomy,github.com/alexsax/midlevel-reps/tree/visualpriors,
keypoints3d,3D Keypoints,taskonomy,taskonomy,taskonomy,3D Keypoint estimation from underlying scene 3D.,3D,Convolutional,taskonomy,github.com/alexsax/midlevel-reps/tree/visualpriors,
nonfixated_pose,Camera Pose (Nonfixated),taskonomy,taskonomy,taskonomy,Relative camera pose with distinct optical centers.,Geometric,Convolutional,taskonomy,github.com/alexsax/midlevel-reps/tree/visualpriors,
normal,Surface Normals,taskonomy,taskonomy,taskonomy,Pixel-wise surface normals.,3D,Convolutional,taskonomy,github.com/alexsax/midlevel-reps/tree/visualpriors,
point_matching,Point Matching,taskonomy,taskonomy,taskonomy,Classifying if centers of two images match or not.,Geometric,Convolutional,taskonomy,github.com/alexsax/midlevel-reps/tree/visualpriors,
reshading,Reshading,taskonomy,taskonomy,taskonomy,Reshading with new lighting placed at camera location.,3D,Convolutional,taskonomy,github.com/alexsax/midlevel-reps/tree/visualpriors,
room_layout,Room Layout,taskonomy,taskonomy,taskonomy,Orientation and aspect ratio of cubic room layout.,Geometric,Convolutional,taskonomy,github.com/alexsax/midlevel-reps/tree/visualpriors,
segment_semantic,Semantic Segmentation,taskonomy,taskonomy,taskonomy,Pixel-wise semantic labeling (via knowledge distillation from MS COCO).,Semantic,Convolutional,taskonomy,github.com/alexsax/midlevel-reps/tree/visualpriors,
segment_unsup25d,Unsupervised 2.5D Segmentation,taskonomy,taskonomy,taskonomy,Segmentation (graph cut approximation) on RGB-D-Normals-Curvature image.,3D,Convolutional,taskonomy,github.com/alexsax/midlevel-reps/tree/visualpriors,
segment_unsup2d,Unsupervised 2D Segmentation,taskonomy,taskonomy,taskonomy,Segmentation (graph cut approximation) on RGB.,2D,Convolutional,taskonomy,github.com/alexsax/midlevel-reps/tree/visualpriors,
vanishing_point,Vanishing Point,taskonomy,taskonomy,taskonomy,Three Manhattan-world vanishing points.,Geometric,Convolutional,taskonomy,github.com/alexsax/midlevel-reps/tree/visualpriors,
random_weights,Random Weights,taskonomy,taskonomy,,Taskonomy architecture randomly initialized.,Random,,taskonomy,github.com/alexsax/midlevel-reps/tree/visualpriors,
beit_base_patch16_224,BEiT-S-P16,imagenet,imagenet,imagenet,BEiT-S-P16 trained on image classification with the ImageNet dataset.,Semantic,Transformer,timm,https://github.com/rwightman/pytorch-image-models/,
beit_large_patch16_224,BEiT-L-P16,imagenet,imagenet,imagenet,BEiT-L-P16 trained on image classification with the ImageNet dataset.,Semantic,Transformer,timm,https://github.com/rwightman/pytorch-image-models/,
cait_s24_224,CaiT-S24,imagenet,imagenet,imagenet,CaiT-S24 trained on image classification with the ImageNet dataset.,Semantic,Transformer,timm,https://github.com/rwightman/pytorch-image-models/,
cait_xxs24_224,CaiT-XXS24,imagenet,imagenet,imagenet,CaiT-XXS24 trained on image classification with the ImageNet dataset.,Semantic,Transformer,timm,https://github.com/rwightman/pytorch-image-models/,
coat_lite_tiny,CoaT-Lite-Tiny,imagenet,imagenet,imagenet,CoaT-Lite-Tiny trained on image classification with the ImageNet dataset.,Semantic,Transformer,timm,https://github.com/rwightman/pytorch-image-models/,
coat_lite_small,CoaT-Lite-Small,imagenet,imagenet,imagenet,CoaT-Lite-Small trained on image classification with the ImageNet dataset.,Semantic,Transformer,timm,https://github.com/rwightman/pytorch-image-models/,
coat_mini,CoaT-Mini,imagenet,imagenet,imagenet,CoaT-Mini trained on image classification with the ImageNet dataset.,Semantic,Transformer,timm,https://github.com/rwightman/pytorch-image-models/,
convit_base,ConViT-B,imagenet,imagenet,imagenet,ConViT-B trained on image classification with the ImageNet dataset.,Semantic,Transformer,timm,https://github.com/rwightman/pytorch-image-models/,
convit_small,ConViT-S,imagenet,imagenet,imagenet,ConViT-S trained on image classification with the ImageNet dataset.,Semantic,Transformer,timm,https://github.com/rwightman/pytorch-image-models/,
convit_tiny,ConViT-T,imagenet,imagenet,imagenet,ConViT-T trained on image classification with the ImageNet dataset.,Semantic,Transformer,timm,https://github.com/rwightman/pytorch-image-models/,
crossvit_base_240,CrossViT-B,imagenet,imagenet,imagenet,CrossViT-B trained on image classification with the ImageNet dataset.,Semantic,Transformer,timm,https://github.com/rwightman/pytorch-image-models/,
deit_base_patch16_224,DeiT-B-P16-224,imagenet,imagenet,imagenet,DeiT-B-P16-224 trained on image classification with the ImageNet dataset.,Semantic,Transformer,timm,https://github.com/rwightman/pytorch-image-models/,
deit_small_patch16_224,DeiT-S-P16-224,imagenet,imagenet,imagenet,DeiT-S-P16-224 trained on image classification with the ImageNet dataset.,Semantic,Transformer,timm,https://github.com/rwightman/pytorch-image-models/,
deit_tiny_patch16_224,DeiT-T-P16-224,imagenet,imagenet,imagenet,DeiT-T-P16-224 trained on image classification with the ImageNet dataset.,Semantic,Transformer,timm,https://github.com/rwightman/pytorch-image-models/,
cspdarknet53,CSP-DarkNet53,imagenet,imagenet,imagenet,CSP-DarkNet53 trained on image classification with the ImageNet dataset.,Semantic,Convolutional,timm,https://github.com/rwightman/pytorch-image-models/,
cspresnet50,CSP-ResNet50,imagenet,imagenet,imagenet,CSP-ResNet50 trained on image classification with the ImageNet dataset.,Semantic,Convolutional,timm,https://github.com/rwightman/pytorch-image-models/,
dla34,DLA34,imagenet,imagenet,imagenet,DLA34 trained on image classification with the ImageNet dataset.,Semantic,Convolutional,timm,https://github.com/rwightman/pytorch-image-models/,
dla169,DLA169,imagenet,imagenet,imagenet,DLA169 trained on image classification with the ImageNet dataset.,Semantic,Convolutional,timm,https://github.com/rwightman/pytorch-image-models/,
eca_nfnet_l0,ECA-NFNeT-L0,imagenet,imagenet,imagenet,ECA-NFNeT-L0 trained on image classification with the ImageNet dataset.,Semantic,Convolutional,timm,https://github.com/rwightman/pytorch-image-models/,
eca_nfnet_l1,ECA-NFNeT-L1,imagenet,imagenet,imagenet,ECA-NFNeT-L1 trained on image classification with the ImageNet dataset.,Semantic,Convolutional,timm,https://github.com/rwightman/pytorch-image-models/,
ecaresnet50d,ECA-Resnet50-D,imagenet,imagenet,imagenet,ECA-Resnet50-D trained on image classification with the ImageNet dataset.,Semantic,Convolutional,timm,https://github.com/rwightman/pytorch-image-models/,
ecaresnet101d,ECA-Resnet101-D,imagenet,imagenet,imagenet,ECA-Resnet101-D trained on image classification with the ImageNet dataset.,Semantic,Convolutional,timm,https://github.com/rwightman/pytorch-image-models/,
efficientnet_b1,EfficientNet-B1,imagenet,imagenet,imagenet,EfficientNet-B1 trained on image classification with the ImageNet dataset.,Semantic,Convolutional,timm,https://github.com/rwightman/pytorch-image-models/,
efficientnet_b3,EfficientNet-B3,imagenet,imagenet,imagenet,EfficientNet-B3 trained on image classification with the ImageNet dataset.,Semantic,Convolutional,timm,https://github.com/rwightman/pytorch-image-models/,
gcresnet50t,GCResNet50T,imagenet,imagenet,imagenet,GCResNet50T trained on image classification with the ImageNet dataset.,Semantic,Convolutional,timm,https://github.com/rwightman/pytorch-image-models/,
efficientnetv2_rw_s,EfficientNet-V2-S,imagenet,imagenet,imagenet,EfficientNet-V2-S trained on image classification with the ImageNet dataset.,Semantic,Convolutional,timm,https://github.com/rwightman/pytorch-image-models/,
fbnetc_100,FBNetC100,imagenet,imagenet,imagenet,FBNetC100 trained on image classification with the ImageNet dataset.,Semantic,Convolutional,timm,https://github.com/rwightman/pytorch-image-models/,
gernet_l,GerNet-L,imagenet,imagenet,imagenet,GerNet-L trained on image classification with the ImageNet dataset.,Semantic,Convolutional,timm,https://github.com/rwightman/pytorch-image-models/,
gernet_s,GerNet-S,imagenet,imagenet,imagenet,GerNet-S trained on image classification with the ImageNet dataset.,Semantic,Convolutional,timm,https://github.com/rwightman/pytorch-image-models/,
ghostnet_100,GhostNet100,imagenet,imagenet,imagenet,GhostNet100 trained on image classification with the ImageNet dataset.,Semantic,Convolutional,timm,https://github.com/rwightman/pytorch-image-models/,
gmixer_24_224,GMixer-24,imagenet,imagenet,imagenet,GMixer-24 trained on image classification with the ImageNet dataset.,Semantic,MLP-Mixer,timm,https://github.com/rwightman/pytorch-image-models/,
gmlp_s16_224,GMLP-S16,imagenet,imagenet,imagenet,GMLP-S16 trained on image classification with the ImageNet dataset.,Semantic,MLP-Mixer,timm,https://github.com/rwightman/pytorch-image-models/,
halonet26t,HaloNet-26T,imagenet,imagenet,imagenet,HaloNet-26T trained on image classification with the ImageNet dataset.,Semantic,Convolutional,timm,https://github.com/rwightman/pytorch-image-models/,
hardcorenas_a,HardCoreNAS-A,imagenet,imagenet,imagenet,HardCoreNAS-A trained on image classification with the ImageNet dataset.,Semantic,Convolutional,timm,https://github.com/rwightman/pytorch-image-models/,
hardcorenas_f,HardCoreNAS-F,imagenet,imagenet,imagenet,HardCoreNAS-F trained on image classification with the ImageNet dataset.,Semantic,Convolutional,timm,https://github.com/rwightman/pytorch-image-models/,
hrnet_w18,HRNet-W18,imagenet,imagenet,imagenet,HRNet-W18 trained on image classification with the ImageNet dataset.,Semantic,Convolutional,timm,https://github.com/rwightman/pytorch-image-models/,
hrnet_w64,HRNet-W64,imagenet,imagenet,imagenet,HRNet-W64 trained on image classification with the ImageNet dataset.,Semantic,Convolutional,timm,https://github.com/rwightman/pytorch-image-models/,
jx_nest_base,JX-NesT-Base,imagenet,imagenet,imagenet,JX-NesT-Base trained on image classification with the ImageNet dataset.,Semantic,Transformer,timm,https://github.com/rwightman/pytorch-image-models/,
jx_nest_small,JX-NesT-Small,imagenet,imagenet,imagenet,JX-NesT-Small trained on image classification with the ImageNet dataset.,Semantic,Transformer,timm,https://github.com/rwightman/pytorch-image-models/,
jx_nest_tiny,JX-NesT-Small,imagenet,imagenet,imagenet,JX-NesT-Small trained on image classification with the ImageNet dataset.,Semantic,Transformer,timm,https://github.com/rwightman/pytorch-image-models/,
lambda_resnet26t,Lambda-ResNet-26T,imagenet,imagenet,imagenet,Lambda-ResNet-26T trained on image classification with the ImageNet dataset.,Semantic,Convolutional,timm,https://github.com/rwightman/pytorch-image-models/,
levit_128,LeViT128,imagenet,imagenet,imagenet,LeViT128 trained on image classification with the ImageNet dataset.,Semantic,Transformer,timm,https://github.com/rwightman/pytorch-image-models/,
levit_256,LeViT256,imagenet,imagenet,imagenet,LeViT256 trained on image classification with the ImageNet dataset.,Semantic,Transformer,timm,https://github.com/rwightman/pytorch-image-models/,
inception_resnet_v2,Inception-Resnet-V2,imagenet,imagenet,imagenet,Inception-Resnet-V2 trained on image classification with the ImageNet dataset.,Semantic,Convolutional,timm,https://github.com/rwightman/pytorch-image-models/,
inception_v3,Inception-V3,imagenet,imagenet,imagenet,Inception-V3 trained on image classification with the ImageNet dataset.,Semantic,Convolutional,timm,https://github.com/rwightman/pytorch-image-models/,
inception_v4,Inception-V4,imagenet,imagenet,imagenet,Inception-V4 trained on image classification with the ImageNet dataset.,Semantic,Convolutional,timm,https://github.com/rwightman/pytorch-image-models/,
inception_v4,Inception-V4,imagenet,imagenet,imagenet,Inception-V4 trained on image classification with the ImageNet dataset.,Semantic,Convolutional,timm,https://github.com/rwightman/pytorch-image-models/,
mixer_b16_224,MLP-Mixer-B16,imagenet,imagenet,imagenet,MLP-Mixer-B16 trained on image classification with the ImageNet dataset.,Semantic,MLP-Mixer,timm,https://github.com/rwightman/pytorch-image-models/,
mixer_l16_224,MLP-Mixer-L16,imagenet,imagenet,imagenet,MLP-Mixer-L16 trained on image classification with the ImageNet dataset.,Semantic,MLP-Mixer,timm,https://github.com/rwightman/pytorch-image-models/,
mixnet_l,MixNet-L,imagenet,imagenet,imagenet,MixNet-L trained on image classification with the ImageNet dataset.,Semantic,Convolutional,timm,https://github.com/rwightman/pytorch-image-models/,
mixnet_s,MixNet-S,imagenet,imagenet,imagenet,MixNet-S trained on image classification with the ImageNet dataset.,Semantic,Convolutional,timm,https://github.com/rwightman/pytorch-image-models/,
mnasnet_100,MNASNet100,imagenet,imagenet,imagenet,MNASNet100 trained on image classification with the ImageNet dataset.,Semantic,Convolutional,timm,https://github.com/rwightman/pytorch-image-models/,
mnasnet_100,MNASNet100,imagenet,imagenet,imagenet,MNASNet100 trained on image classification with the ImageNet dataset.,Semantic,Convolutional,timm,https://github.com/rwightman/pytorch-image-models/,
mobilenetv3_large_100,MobileNet-V3-Large,imagenet,imagenet,imagenet,MobileNet-V3-Large trained on image classification with the ImageNet dataset.,Semantic,Convolutional,timm,https://github.com/rwightman/pytorch-image-models/,
mobilenetv3_rw,MobileNet-V3,imagenet,imagenet,imagenet,MobileNet-V3 trained on image classification with the ImageNet dataset.,Semantic,Convolutional,timm,https://github.com/rwightman/pytorch-image-models/,
nasnetalarge,NASNet-A-Large,imagenet,imagenet,imagenet,NASNet-A-Large trained on image classification with the ImageNet dataset.,Semantic,Convolutional,timm,https://github.com/rwightman/pytorch-image-models/,
nf_resnet50,NF-ResNet50,imagenet,imagenet,imagenet,NF-ResNet50 trained on image classification with the ImageNet dataset.,Semantic,Convolutional,timm,https://github.com/rwightman/pytorch-image-models/,
nfnet_l0,NF-Net-L0,imagenet,imagenet,imagenet,NF-Net-L0 trained on image classification with the ImageNet dataset.,Semantic,Convolutional,timm,https://github.com/rwightman/pytorch-image-models/,
pit_b_224,PiT-B-224,imagenet,imagenet,imagenet,PiT-B-224 trained on image classification with the ImageNet dataset.,Semantic,Transformer,timm,https://github.com/rwightman/pytorch-image-models/,
pit_s_224,PiT-S-224,imagenet,imagenet,imagenet,PiT-S-224 trained on image classification with the ImageNet dataset.,Semantic,Transformer,timm,https://github.com/rwightman/pytorch-image-models/,
pit_ti_224,PiT-T-224,imagenet,imagenet,imagenet,PiT-T-224 trained on image classification with the ImageNet dataset.,Semantic,Transformer,timm,https://github.com/rwightman/pytorch-image-models/,
pnasnet5large,PNASNet-5-Large,imagenet,imagenet,imagenet,PNASNet-5-Large trained on image classification with the ImageNet dataset.,Semantic,Convolutional,timm,https://github.com/rwightman/pytorch-image-models/,
regnetx_064,RegNetX-64,imagenet,imagenet,imagenet,RegNetX-64 trained on image classification with the ImageNet dataset.,Semantic,Convolutional,timm,https://github.com/rwightman/pytorch-image-models/,
regnety_064,RegNetY-64,imagenet,imagenet,imagenet,RegNetY-64 trained on image classification with the ImageNet dataset.,Semantic,Convolutional,timm,https://github.com/rwightman/pytorch-image-models/,
repvgg_b1,RepVGG-B1,imagenet,imagenet,imagenet,RepVGG-B1 trained on image classification with the ImageNet dataset.,Semantic,Convolutional,timm,https://github.com/rwightman/pytorch-image-models/,
repvgg_b1g4,RepVGG-B1G4,imagenet,imagenet,imagenet,RepVGG-B1G4 trained on image classification with the ImageNet dataset.,Semantic,Convolutional,timm,https://github.com/rwightman/pytorch-image-models/,
res2net50_26w_4s,Res2Net50-26W-4S,imagenet,imagenet,imagenet,Res2Net50-26W-4S trained on image classification with the ImageNet dataset.,Semantic,Convolutional,timm,https://github.com/rwightman/pytorch-image-models/,
resmlp_12_224,ResMLP-12,imagenet,imagenet,imagenet,ResMLP-12 trained on image classification with the ImageNet dataset.,Semantic,MLP-Mixer,timm,https://github.com/rwightman/pytorch-image-models/,
resmlp_24_224,ResMLP-24,imagenet,imagenet,imagenet,ResMLP-24 trained on image classification with the ImageNet dataset.,Semantic,MLP-Mixer,timm,https://github.com/rwightman/pytorch-image-models/,
resmlp_36_224,ResMLP-36,imagenet,imagenet,imagenet,ResMLP-36 trained on image classification with the ImageNet dataset.,Semantic,MLP-Mixer,timm,https://github.com/rwightman/pytorch-image-models/,
resmlp_big_24_224,ResMLP-Big-24,imagenet,imagenet,imagenet,ResMLP-Big-24 trained on image classification with the ImageNet dataset.,Semantic,MLP-Mixer,timm,https://github.com/rwightman/pytorch-image-models/,
resnest50d,ResNest50D,imagenet,imagenet,imagenet,ResNest50D trained on image classification with the ImageNet dataset.,Semantic,Convolutional,timm,https://github.com/rwightman/pytorch-image-models/,
resnetrs50,ResNetRS50,imagenet,imagenet,imagenet,ResNetRS50 trained on image classification with the ImageNet dataset.,Semantic,Convolutional,timm,https://github.com/rwightman/pytorch-image-models/,
rexnet_100,RexNet100,imagenet,imagenet,imagenet,RexNet100 trained on image classification with the ImageNet dataset.,Semantic,Convolutional,timm,https://github.com/rwightman/pytorch-image-models/,
selecsls60,SelecSLS60,imagenet,imagenet,imagenet,SelecSLS60 trained on image classification with the ImageNet dataset.,Semantic,Convolutional,timm,https://github.com/rwightman/pytorch-image-models/,
semnasnet_100,SemNASNet100,imagenet,imagenet,imagenet,SemNASNet100 trained on image classification with the ImageNet dataset.,Semantic,Convolutional,timm,https://github.com/rwightman/pytorch-image-models/,
seresnet50,SEResNet50,imagenet,imagenet,imagenet,SEResNet50 trained on image classification with the ImageNet dataset.,Semantic,Convolutional,timm,https://github.com/rwightman/pytorch-image-models/,
seresnext50_32x4d,SEResNext50-32x4D,imagenet,imagenet,imagenet,SEResNext50-32x4D trained on image classification with the ImageNet dataset.,Semantic,Convolutional,timm,https://github.com/rwightman/pytorch-image-models/,
skresnet18,SKResNet18,imagenet,imagenet,imagenet,SKResNet18 trained on image classification with the ImageNet dataset.,Semantic,Convolutional,timm,https://github.com/rwightman/pytorch-image-models/,
skresnext50_32x4d,SKResNext50-32x4D,imagenet,imagenet,imagenet,SKResNext50-32x4D trained on image classification with the ImageNet dataset.,Semantic,Convolutional,timm,https://github.com/rwightman/pytorch-image-models/,
spnasnet_100,SPNasNet100,imagenet,imagenet,imagenet,SPNasNet100 trained on image classification with the ImageNet dataset.,Semantic,Convolutional,timm,https://github.com/rwightman/pytorch-image-models/,
swin_base_patch4_window7_224,Swin-B-P4-W7,imagenet,imagenet,imagenet,Swin-B-P4-W7 trained on image classification with the ImageNet dataset.,Semantic,Transformer,timm,https://github.com/rwightman/pytorch-image-models/,
swin_large_patch4_window7_224,Swin-L-P4-W7,imagenet,imagenet,imagenet,Swin-L-P4-W7 trained on image classification with the ImageNet dataset.,Semantic,Transformer,timm,https://github.com/rwightman/pytorch-image-models/,
swin_small_patch4_window7_224,Swin-S-P4-W7,imagenet,imagenet,imagenet,Swin-S-P4-W7 trained on image classification with the ImageNet dataset.,Semantic,Transformer,timm,https://github.com/rwightman/pytorch-image-models/,
swin_tiny_patch4_window7_224,Swin-T-P4-W7,imagenet,imagenet,imagenet,Swin-T-P4-W7 trained on image classification with the ImageNet dataset.,Semantic,Transformer,timm,https://github.com/rwightman/pytorch-image-models/,
tnt_s_patch16_224,TnT-P16-224,imagenet,imagenet,imagenet,TnT-P16-224 trained on image classification with the ImageNet dataset.,Semantic,Transformer,timm,https://github.com/rwightman/pytorch-image-models/,
tresnet_l,TResNet-L,imagenet,imagenet,imagenet,TResNet-L trained on image classification with the ImageNet dataset.,Semantic,Convolutional,timm,https://github.com/rwightman/pytorch-image-models/,
twins_pcpvt_base,Twins-PCPVT-B,imagenet,imagenet,imagenet,Twins-PCPVT-B trained on image classification with the ImageNet dataset.,Semantic,Transformer,timm,https://github.com/rwightman/pytorch-image-models/,
twins_svt_base,Twins-SVT-B,imagenet,imagenet,imagenet,Twins-SVT-B trained on image classification with the ImageNet dataset.,Semantic,Transformer,timm,https://github.com/rwightman/pytorch-image-models/,
visformer_small,Visformer,imagenet,imagenet,imagenet,Visformer trained on image classification with the ImageNet dataset.,Semantic,Convolutional,timm,https://github.com/rwightman/pytorch-image-models/,
vit_large_patch16_224,ViT-L-P16,imagenet,imagenet,imagenet,ViT-L-P16 trained on image classification with the ImageNet dataset.,Semantic,Transformer,timm,https://github.com/rwightman/pytorch-image-models/,
vit_small_patch16_224,ViT-S-P16,imagenet,imagenet,imagenet,ViT-S-P16 trained on image classification with the ImageNet dataset.,Semantic,Transformer,timm,https://github.com/rwightman/pytorch-image-models/,
vit_tiny_patch16_224,ViT-T-P16,imagenet,imagenet,imagenet,ViT-T-P16 trained on image classification with the ImageNet dataset.,Semantic,Transformer,timm,https://github.com/rwightman/pytorch-image-models/,
vit_base_patch16_224,ViT-B-P16,imagenet,imagenet,imagenet,ViT-B-P16 trained on image classification with the ImageNet dataset.,Semantic,Transformer,timm,https://github.com/rwightman/pytorch-image-models/,
vit_base_patch32_224,ViT-B-P32,imagenet,imagenet,imagenet,ViT-B-P32 trained on image classification with the ImageNet dataset.,Semantic,Transformer,timm,https://github.com/rwightman/pytorch-image-models/,
vit_small_patch32_224,ViT-S-P32,imagenet,imagenet,imagenet,ViT-S-P32 trained on image classification with the ImageNet dataset.,Semantic,Transformer,timm,https://github.com/rwightman/pytorch-image-models/,
vit_base_patch16_sam_224,ViT-B-P16-SAM,imagenet,imagenet,imagenet,ViT-B-P16-SAM trained on image classification with the ImageNet dataset.,Semantic,Transformer,timm,https://github.com/rwightman/pytorch-image-models/,
vit_small_patch32_sam_224,ViT-S-P32-SAM,imagenet,imagenet,imagenet,ViT-S-P32-SAM trained on image classification with the ImageNet dataset.,Semantic,Transformer,timm,https://github.com/rwightman/pytorch-image-models/,
xception,XCeption,imagenet,imagenet,imagenet,XCeption trained on image classification with the ImageNet dataset.,Semantic,Convolutional,timm,https://github.com/rwightman/pytorch-image-models/,
xception65,XCeption65,imagenet,imagenet,imagenet,XCeption65 trained on image classification with the ImageNet dataset.,Semantic,Convolutional,timm,https://github.com/rwightman/pytorch-image-models/,
xcit_nano_12_p16_224,XCIT-Nano-P16,imagenet,imagenet,imagenet,XCIT-Nano-P16 trained on image classification with the ImageNet dataset.,Semantic,Transformer,timm,https://github.com/rwightman/pytorch-image-models/,
xcit_small_12_p16_224,XCIT-S-P16,imagenet,imagenet,imagenet,XCIT-S-P16 trained on image classification with the ImageNet dataset.,Semantic,Transformer,timm,https://github.com/rwightman/pytorch-image-models/,
xcit_large_24_p16_224,XCIT-L-P16,imagenet,imagenet,imagenet,XCIT-L-P16 trained on image classification with the ImageNet dataset.,Semantic,Transformer,timm,https://github.com/rwightman/pytorch-image-models/,
xcit_nano_12_p8_224,XCIT-Nano-P8,imagenet,imagenet,imagenet,XCIT-Nano-P8 trained on image classification with the ImageNet dataset.,Semantic,Transformer,timm,https://github.com/rwightman/pytorch-image-models/,
xcit_nano_12_p8_224,XCIT-S-P8,imagenet,imagenet,imagenet,XCIT-S-P8 trained on image classification with the ImageNet dataset.,Semantic,Transformer,timm,https://github.com/rwightman/pytorch-image-models/,
xcit_large_24_p16_224,XCIT-Nano-P8,imagenet,imagenet,imagenet,XCIT-Nano-P8 trained on image classification with the ImageNet dataset.,Semantic,Transformer,timm,https://github.com/rwightman/pytorch-image-models/,
beit_base_patch16_224,BEiT-S-P16,imagenet,random,,"BEiT-S-P16 randomly initialized, with no training.",Semantic,Transformer,timm,https://github.com/rwightman/pytorch-image-models/,
beit_large_patch16_224,BEiT-L-P16,imagenet,random,,"BEiT-L-P16 randomly initialized, with no training.",Semantic,Transformer,timm,https://github.com/rwightman/pytorch-image-models/,
cait_s24_224,CaiT-S24,imagenet,random,,"CaiT-S24 randomly initialized, with no training.",Semantic,Transformer,timm,https://github.com/rwightman/pytorch-image-models/,
cait_xxs24_224,CaiT-XXS24,imagenet,random,,"CaiT-XXS24 randomly initialized, with no training.",Semantic,Transformer,timm,https://github.com/rwightman/pytorch-image-models/,
coat_lite_tiny,CoaT-Lite-Tiny,imagenet,random,,"CoaT-Lite-Tiny randomly initialized, with no training.",Semantic,Transformer,timm,https://github.com/rwightman/pytorch-image-models/,
coat_lite_small,CoaT-Lite-Small,imagenet,random,,"CoaT-Lite-Small randomly initialized, with no training.",Semantic,Transformer,timm,https://github.com/rwightman/pytorch-image-models/,
coat_mini,CoaT-Mini,imagenet,random,,"CoaT-Mini randomly initialized, with no training.",Semantic,Transformer,timm,https://github.com/rwightman/pytorch-image-models/,
convit_base,ConViT-B,imagenet,random,,"ConViT-B randomly initialized, with no training.",Semantic,Transformer,timm,https://github.com/rwightman/pytorch-image-models/,
convit_small,ConViT-S,imagenet,random,,"ConViT-S randomly initialized, with no training.",Semantic,Transformer,timm,https://github.com/rwightman/pytorch-image-models/,
convit_tiny,ConViT-T,imagenet,random,,"ConViT-T randomly initialized, with no training.",Semantic,Transformer,timm,https://github.com/rwightman/pytorch-image-models/,
crossvit_base_240,CrossViT-B,imagenet,random,,"CrossViT-B randomly initialized, with no training.",Semantic,Transformer,timm,https://github.com/rwightman/pytorch-image-models/,
deit_base_patch16_224,DeiT-B-P16-224,imagenet,random,,"DeiT-B-P16-224 randomly initialized, with no training.",Semantic,Transformer,timm,https://github.com/rwightman/pytorch-image-models/,
deit_small_patch16_224,DeiT-S-P16-224,imagenet,random,,"DeiT-S-P16-224 randomly initialized, with no training.",Semantic,Transformer,timm,https://github.com/rwightman/pytorch-image-models/,
deit_tiny_patch16_224,DeiT-T-P16-224,imagenet,random,,"DeiT-T-P16-224 randomly initialized, with no training.",Semantic,Transformer,timm,https://github.com/rwightman/pytorch-image-models/,
cspdarknet53,CSP-DarkNet53,imagenet,random,,"CSP-DarkNet53 randomly initialized, with no training.",Semantic,Convolutional,timm,https://github.com/rwightman/pytorch-image-models/,
cspresnet50,CSP-ResNet50,imagenet,random,,"CSP-ResNet50 randomly initialized, with no training.",Semantic,Convolutional,timm,https://github.com/rwightman/pytorch-image-models/,
dla34,DLA34,imagenet,random,,"DLA34 randomly initialized, with no training.",Semantic,Convolutional,timm,https://github.com/rwightman/pytorch-image-models/,
dla169,DLA169,imagenet,random,,"DLA169 randomly initialized, with no training.",Semantic,Convolutional,timm,https://github.com/rwightman/pytorch-image-models/,
eca_nfnet_l0,ECA-NFNeT-L0,imagenet,random,,"ECA-NFNeT-L0 randomly initialized, with no training.",Semantic,Convolutional,timm,https://github.com/rwightman/pytorch-image-models/,
eca_nfnet_l1,ECA-NFNeT-L1,imagenet,random,,"ECA-NFNeT-L1 randomly initialized, with no training.",Semantic,Convolutional,timm,https://github.com/rwightman/pytorch-image-models/,
ecaresnet50d,ECA-Resnet50-D,imagenet,random,,"ECA-Resnet50-D randomly initialized, with no training.",Semantic,Convolutional,timm,https://github.com/rwightman/pytorch-image-models/,
ecaresnet101d,ECA-Resnet101-D,imagenet,random,,"ECA-Resnet101-D randomly initialized, with no training.",Semantic,Convolutional,timm,https://github.com/rwightman/pytorch-image-models/,
efficientnet_b1,EfficientNet-B1,imagenet,random,,"EfficientNet-B1 randomly initialized, with no training.",Semantic,Convolutional,timm,https://github.com/rwightman/pytorch-image-models/,
efficientnet_b3,EfficientNet-B3,imagenet,random,,"EfficientNet-B3 randomly initialized, with no training.",Semantic,Convolutional,timm,https://github.com/rwightman/pytorch-image-models/,
gcresnet50t,GCResNet50T,imagenet,random,,"GCResNet50T randomly initialized, with no training.",Semantic,Convolutional,timm,https://github.com/rwightman/pytorch-image-models/,
efficientnetv2_rw_s,EfficientNet-V2-S,imagenet,random,,"EfficientNet-V2-S randomly initialized, with no training.",Semantic,Convolutional,timm,https://github.com/rwightman/pytorch-image-models/,
fbnetc_100,FBNetC100,imagenet,random,,"FBNetC100 randomly initialized, with no training.",Semantic,Convolutional,timm,https://github.com/rwightman/pytorch-image-models/,
gernet_l,GerNet-L,imagenet,random,,"GerNet-L randomly initialized, with no training.",Semantic,Convolutional,timm,https://github.com/rwightman/pytorch-image-models/,
gernet_s,GerNet-S,imagenet,random,,"GerNet-S randomly initialized, with no training.",Semantic,Convolutional,timm,https://github.com/rwightman/pytorch-image-models/,
ghostnet_100,GhostNet100,imagenet,random,,"GhostNet100 randomly initialized, with no training.",Semantic,Convolutional,timm,https://github.com/rwightman/pytorch-image-models/,
gmixer_24_224,GMixer-24,imagenet,random,,"GMixer-24 randomly initialized, with no training.",Semantic,MLP-Mixer,timm,https://github.com/rwightman/pytorch-image-models/,
gmlp_s16_224,GMLP-S16,imagenet,random,,"GMLP-S16 randomly initialized, with no training.",Semantic,MLP-Mixer,timm,https://github.com/rwightman/pytorch-image-models/,
halonet26t,HaloNet-26T,imagenet,random,,"HaloNet-26T randomly initialized, with no training.",Semantic,Convolutional,timm,https://github.com/rwightman/pytorch-image-models/,
hardcorenas_a,HardCoreNAS-A,imagenet,random,,"HardCoreNAS-A randomly initialized, with no training.",Semantic,Convolutional,timm,https://github.com/rwightman/pytorch-image-models/,
hardcorenas_f,HardCoreNAS-F,imagenet,random,,"HardCoreNAS-F randomly initialized, with no training.",Semantic,Convolutional,timm,https://github.com/rwightman/pytorch-image-models/,
hrnet_w18,HRNet-W18,imagenet,random,,"HRNet-W18 randomly initialized, with no training.",Semantic,Convolutional,timm,https://github.com/rwightman/pytorch-image-models/,
hrnet_w64,HRNet-W64,imagenet,random,,"HRNet-W64 randomly initialized, with no training.",Semantic,Convolutional,timm,https://github.com/rwightman/pytorch-image-models/,
jx_nest_base,JX-NesT-Base,imagenet,random,,"JX-NesT-Base randomly initialized, with no training.",Semantic,Transformer,timm,https://github.com/rwightman/pytorch-image-models/,
jx_nest_small,JX-NesT-Small,imagenet,random,,"JX-NesT-Small randomly initialized, with no training.",Semantic,Transformer,timm,https://github.com/rwightman/pytorch-image-models/,
jx_nest_tiny,JX-NesT-Small,imagenet,random,,"JX-NesT-Small randomly initialized, with no training.",Semantic,Transformer,timm,https://github.com/rwightman/pytorch-image-models/,
lambda_resnet26t,Lambda-ResNet-26T,imagenet,random,,"Lambda-ResNet-26T randomly initialized, with no training.",Semantic,Convolutional,timm,https://github.com/rwightman/pytorch-image-models/,
levit_128,LeViT128,imagenet,random,,"LeViT128 randomly initialized, with no training.",Semantic,Transformer,timm,https://github.com/rwightman/pytorch-image-models/,
levit_256,LeViT256,imagenet,random,,"LeViT256 randomly initialized, with no training.",Semantic,Transformer,timm,https://github.com/rwightman/pytorch-image-models/,
inception_resnet_v2,Inception-Resnet-V2,imagenet,random,,"Inception-Resnet-V2 randomly initialized, with no training.",Semantic,Convolutional,timm,https://github.com/rwightman/pytorch-image-models/,
inception_v3,Inception-V3,imagenet,random,,"Inception-V3 randomly initialized, with no training.",Semantic,Convolutional,timm,https://github.com/rwightman/pytorch-image-models/,
inception_v4,Inception-V4,imagenet,random,,"Inception-V4 randomly initialized, with no training.",Semantic,Convolutional,timm,https://github.com/rwightman/pytorch-image-models/,
inception_v4,Inception-V4,imagenet,random,,"Inception-V4 randomly initialized, with no training.",Semantic,Convolutional,timm,https://github.com/rwightman/pytorch-image-models/,
mixer_b16_224,MLP-Mixer-B16,imagenet,random,,"MLP-Mixer-B16 randomly initialized, with no training.",Semantic,MLP-Mixer,timm,https://github.com/rwightman/pytorch-image-models/,
mixer_l16_224,MLP-Mixer-L16,imagenet,random,,"MLP-Mixer-L16 randomly initialized, with no training.",Semantic,MLP-Mixer,timm,https://github.com/rwightman/pytorch-image-models/,
mixnet_l,MixNet-L,imagenet,random,,"MixNet-L randomly initialized, with no training.",Semantic,Convolutional,timm,https://github.com/rwightman/pytorch-image-models/,
mixnet_s,MixNet-S,imagenet,random,,"MixNet-S randomly initialized, with no training.",Semantic,Convolutional,timm,https://github.com/rwightman/pytorch-image-models/,
mnasnet_100,MNASNet100,imagenet,random,,"MNASNet100 randomly initialized, with no training.",Semantic,Convolutional,timm,https://github.com/rwightman/pytorch-image-models/,
mnasnet_100,MNASNet100,imagenet,random,,"MNASNet100 randomly initialized, with no training.",Semantic,Convolutional,timm,https://github.com/rwightman/pytorch-image-models/,
mobilenetv3_large_100,MobileNet-V3-Large,imagenet,random,,"MobileNet-V3-Large randomly initialized, with no training.",Semantic,Convolutional,timm,https://github.com/rwightman/pytorch-image-models/,
mobilenetv3_rw,MobileNet-V3,imagenet,random,,"MobileNet-V3 randomly initialized, with no training.",Semantic,Convolutional,timm,https://github.com/rwightman/pytorch-image-models/,
nasnetalarge,NASNet-A-Large,imagenet,random,,"NASNet-A-Large randomly initialized, with no training.",Semantic,Convolutional,timm,https://github.com/rwightman/pytorch-image-models/,
nf_resnet50,NF-ResNet50,imagenet,random,,"NF-ResNet50 randomly initialized, with no training.",Semantic,Convolutional,timm,https://github.com/rwightman/pytorch-image-models/,
nfnet_l0,NF-Net-L0,imagenet,random,,"NF-Net-L0 randomly initialized, with no training.",Semantic,Convolutional,timm,https://github.com/rwightman/pytorch-image-models/,
pit_b_224,PiT-B-224,imagenet,random,,"PiT-B-224 randomly initialized, with no training.",Semantic,Transformer,timm,https://github.com/rwightman/pytorch-image-models/,
pit_s_224,PiT-S-224,imagenet,random,,"PiT-S-224 randomly initialized, with no training.",Semantic,Transformer,timm,https://github.com/rwightman/pytorch-image-models/,
pit_ti_224,PiT-T-224,imagenet,random,,"PiT-T-224 randomly initialized, with no training.",Semantic,Transformer,timm,https://github.com/rwightman/pytorch-image-models/,
pnasnet5large,PNASNet-5-Large,imagenet,random,,"PNASNet-5-Large randomly initialized, with no training.",Semantic,Convolutional,timm,https://github.com/rwightman/pytorch-image-models/,
regnetx_064,RegNetX-64,imagenet,random,,"RegNetX-64 randomly initialized, with no training.",Semantic,Convolutional,timm,https://github.com/rwightman/pytorch-image-models/,
regnety_064,RegNetY-64,imagenet,random,,"RegNetY-64 randomly initialized, with no training.",Semantic,Convolutional,timm,https://github.com/rwightman/pytorch-image-models/,
repvgg_b1,RepVGG-B1,imagenet,random,,"RepVGG-B1 randomly initialized, with no training.",Semantic,Convolutional,timm,https://github.com/rwightman/pytorch-image-models/,
repvgg_b1g4,RepVGG-B1G4,imagenet,random,,"RepVGG-B1G4 randomly initialized, with no training.",Semantic,Convolutional,timm,https://github.com/rwightman/pytorch-image-models/,
res2net50_26w_4s,Res2Net50-26W-4S,imagenet,random,,"Res2Net50-26W-4S randomly initialized, with no training.",Semantic,Convolutional,timm,https://github.com/rwightman/pytorch-image-models/,
resmlp_12_224,ResMLP-12,imagenet,random,,"ResMLP-12 randomly initialized, with no training.",Semantic,MLP-Mixer,timm,https://github.com/rwightman/pytorch-image-models/,
resmlp_24_224,ResMLP-24,imagenet,random,,"ResMLP-24 randomly initialized, with no training.",Semantic,MLP-Mixer,timm,https://github.com/rwightman/pytorch-image-models/,
resmlp_36_224,ResMLP-36,imagenet,random,,"ResMLP-36 randomly initialized, with no training.",Semantic,MLP-Mixer,timm,https://github.com/rwightman/pytorch-image-models/,
resmlp_big_24_224,ResMLP-Big-24,imagenet,random,,"ResMLP-Big-24 randomly initialized, with no training.",Semantic,MLP-Mixer,timm,https://github.com/rwightman/pytorch-image-models/,
resnest50d,ResNest50D,imagenet,random,,"ResNest50D randomly initialized, with no training.",Semantic,Convolutional,timm,https://github.com/rwightman/pytorch-image-models/,
resnetrs50,ResNetRS50,imagenet,random,,"ResNetRS50 randomly initialized, with no training.",Semantic,Convolutional,timm,https://github.com/rwightman/pytorch-image-models/,
rexnet_100,RexNet100,imagenet,random,,"RexNet100 randomly initialized, with no training.",Semantic,Convolutional,timm,https://github.com/rwightman/pytorch-image-models/,
selecsls60,SelecSLS60,imagenet,random,,"SelecSLS60 randomly initialized, with no training.",Semantic,Convolutional,timm,https://github.com/rwightman/pytorch-image-models/,
semnasnet_100,SemNASNet100,imagenet,random,,"SemNASNet100 randomly initialized, with no training.",Semantic,Convolutional,timm,https://github.com/rwightman/pytorch-image-models/,
seresnet50,SEResNet50,imagenet,random,,"SEResNet50 randomly initialized, with no training.",Semantic,Convolutional,timm,https://github.com/rwightman/pytorch-image-models/,
seresnext50_32x4d,SEResNext50-32x4D,imagenet,random,,"SEResNext50-32x4D randomly initialized, with no training.",Semantic,Convolutional,timm,https://github.com/rwightman/pytorch-image-models/,
skresnet18,SKResNet18,imagenet,random,,"SKResNet18 randomly initialized, with no training.",Semantic,Convolutional,timm,https://github.com/rwightman/pytorch-image-models/,
skresnext50_32x4d,SKResNext50-32x4D,imagenet,random,,"SKResNext50-32x4D randomly initialized, with no training.",Semantic,Convolutional,timm,https://github.com/rwightman/pytorch-image-models/,
spnasnet_100,SPNasNet100,imagenet,random,,"SPNasNet100 randomly initialized, with no training.",Semantic,Convolutional,timm,https://github.com/rwightman/pytorch-image-models/,
swin_base_patch4_window7_224,Swin-B-P4-W7,imagenet,random,,"Swin-B-P4-W7 randomly initialized, with no training.",Semantic,Transformer,timm,https://github.com/rwightman/pytorch-image-models/,
swin_large_patch4_window7_224,Swin-L-P4-W7,imagenet,random,,"Swin-L-P4-W7 randomly initialized, with no training.",Semantic,Transformer,timm,https://github.com/rwightman/pytorch-image-models/,
swin_small_patch4_window7_224,Swin-S-P4-W7,imagenet,random,,"Swin-S-P4-W7 randomly initialized, with no training.",Semantic,Transformer,timm,https://github.com/rwightman/pytorch-image-models/,
swin_tiny_patch4_window7_224,Swin-T-P4-W7,imagenet,random,,"Swin-T-P4-W7 randomly initialized, with no training.",Semantic,Transformer,timm,https://github.com/rwightman/pytorch-image-models/,
tnt_s_patch16_224,TnT-P16-224,imagenet,random,,"TnT-P16-224 randomly initialized, with no training.",Semantic,Transformer,timm,https://github.com/rwightman/pytorch-image-models/,
tresnet_l,TResNet-L,imagenet,random,,"TResNet-L randomly initialized, with no training.",Semantic,Convolutional,timm,https://github.com/rwightman/pytorch-image-models/,
twins_pcpvt_base,Twins-PCPVT-B,imagenet,random,,"Twins-PCPVT-B randomly initialized, with no training.",Semantic,Transformer,timm,https://github.com/rwightman/pytorch-image-models/,
twins_svt_base,Twins-SVT-B,imagenet,random,,"Twins-SVT-B randomly initialized, with no training.",Semantic,Transformer,timm,https://github.com/rwightman/pytorch-image-models/,
visformer_small,Visformer,imagenet,random,,"Visformer randomly initialized, with no training.",Semantic,Convolutional,timm,https://github.com/rwightman/pytorch-image-models/,
vit_large_patch16_224,ViT-L-P16,imagenet,random,,"ViT-L-P16 randomly initialized, with no training.",Semantic,Transformer,timm,https://github.com/rwightman/pytorch-image-models/,
vit_small_patch16_224,ViT-S-P16,imagenet,random,,"ViT-S-P16 randomly initialized, with no training.",Semantic,Transformer,timm,https://github.com/rwightman/pytorch-image-models/,
vit_tiny_patch16_224,ViT-T-P16,imagenet,random,,"ViT-T-P16 randomly initialized, with no training.",Semantic,Transformer,timm,https://github.com/rwightman/pytorch-image-models/,
vit_base_patch16_224,ViT-B-P16,imagenet,random,,"ViT-B-P16 randomly initialized, with no training.",Semantic,Transformer,timm,https://github.com/rwightman/pytorch-image-models/,
vit_base_patch32_224,ViT-B-P32,imagenet,random,,"ViT-B-P32 randomly initialized, with no training.",Semantic,Transformer,timm,https://github.com/rwightman/pytorch-image-models/,
vit_small_patch32_224,ViT-S-P32,imagenet,random,,"ViT-S-P32 randomly initialized, with no training.",Semantic,Transformer,timm,https://github.com/rwightman/pytorch-image-models/,
vit_base_patch16_sam_224,ViT-B-P16-SAM,imagenet,random,,"ViT-B-P16-SAM randomly initialized, with no training.",Semantic,Transformer,timm,https://github.com/rwightman/pytorch-image-models/,
vit_small_patch32_sam_224,ViT-S-P32-SAM,imagenet,random,,"ViT-S-P32-SAM randomly initialized, with no training.",Semantic,Transformer,timm,https://github.com/rwightman/pytorch-image-models/,
xception,XCeption,imagenet,random,,"XCeption randomly initialized, with no training.",Semantic,Convolutional,timm,https://github.com/rwightman/pytorch-image-models/,
xception65,XCeption65,imagenet,random,,"XCeption65 randomly initialized, with no training.",Semantic,Convolutional,timm,https://github.com/rwightman/pytorch-image-models/,
xcit_nano_12_p16_224,XCIT-Nano-P16,imagenet,random,,"XCIT-Nano-P16 randomly initialized, with no training.",Semantic,Transformer,timm,https://github.com/rwightman/pytorch-image-models/,
xcit_small_12_p16_224,XCIT-S-P16,imagenet,random,,"XCIT-S-P16 randomly initialized, with no training.",Semantic,Transformer,timm,https://github.com/rwightman/pytorch-image-models/,
xcit_large_24_p16_224,XCIT-L-P16,imagenet,random,,"XCIT-L-P16 randomly initialized, with no training.",Semantic,Transformer,timm,https://github.com/rwightman/pytorch-image-models/,
xcit_nano_12_p8_224,XCIT-Nano-P8,imagenet,random,,"XCIT-Nano-P8 randomly initialized, with no training.",Semantic,Transformer,timm,https://github.com/rwightman/pytorch-image-models/,
xcit_nano_12_p8_224,XCIT-S-P8,imagenet,random,,"XCIT-S-P8 randomly initialized, with no training.",Semantic,Transformer,timm,https://github.com/rwightman/pytorch-image-models/,
xcit_large_24_p16_224,XCIT-Nano-P8,imagenet,random,,"XCIT-Nano-P8 randomly initialized, with no training.",Semantic,Transformer,timm,https://github.com/rwightman/pytorch-image-models/,
RN50,CLiP-ResNet50,clip,clip,internet,"CLiP-ResNet50, a hybrid vision-language model.",Vision-Language,Convolutional,clip,https://github.com/openai/CLIP,
RN101,CLiP-ResNet101,clip,clip,internet,"CLiP-ResNet101, a hybrid vision-language model.",Vision-Language,Convolutional,clip,https://github.com/openai/CLIP,
RN50x4,CLiP-ResNet50x4,clip,clip,internet,"CLiP-ResNet50x4, a hybrid vision-language model.",Vision-Language,Convolutional,clip,https://github.com/openai/CLIP,
RN50x16,CLiP-ResNet50x16,clip,clip,internet,"CLiP-ResNet50x16, a hybrid vision-language model.",Vision-Language,Convolutional,clip,https://github.com/openai/CLIP,
ViT-B/32,CLiP-ViT-B/32,clip,clip,internet,"CLiP-ViT-B/32, a hybrid vision-language model.",Vision-Language,Transformer,clip,https://github.com/openai/CLIP,
ViT-B/16,CLiP-ViT-B/32,clip,clip,internet,"CLiP-ViT-B/32, a hybrid vision-language model.",Vision-Language,Transformer,clip,https://github.com/openai/CLIP,
ResNet50-JigSaw-P100,ResNet50-JigSaw-P100,selfsupervised,selfsupervised,imagenet,"ResNet50-JigSaw-P100, a self-supervised representation learner trained on ImageNet.",Self-Supervised,Convolutional,vissl,https://github.com/facebookresearch/vissl/, https://dl.fbaipublicfiles.com/vissl/model_zoo/jigsaw_rn50_in1k_ep105_perm2k_jigsaw_8gpu_resnet_17_07_20.db174a43/model_final_checkpoint_phase104.torch
ResNet50-JigSaw-Goyal19,ResNet50-JigSaw-Goyal19,selfsupervised,selfsupervised,imagenet,"ResNet50-JigSaw-Goyal19, a self-supervised representation learner trained on ImageNet.",Self-Supervised,Convolutional,vissl,https://github.com/facebookresearch/vissl/, https://dl.fbaipublicfiles.com/vissl/model_zoo/converted_vissl_rn50_jigsaw_in1k_goyal19.torch
ResNet50-RotNet,ResNet50-RotNet,selfsupervised,selfsupervised,imagenet,"ResNet50-RotNet, a self-supervised representation learner trained on ImageNet.",Self-Supervised,Convolutional,vissl,https://github.com/facebookresearch/vissl/, https://dl.fbaipublicfiles.com/vissl/model_zoo/rotnet_rn50_in1k_ep105_rotnet_8gpu_resnet_17_07_20.46bada9f/model_final_checkpoint_phase125.torch
ResNet50-ClusterFit-16K-RotNet,ResNet50-ClusterFit-16K-RotNet,selfsupervised,selfsupervised,imagenet,"ResNet50-ClusterFit-16K-RotNet, a self-supervised representation learner trained on ImageNet.",Self-Supervised,Convolutional,vissl,https://github.com/facebookresearch/vissl/, https://dl.fbaipublicfiles.com/vissl/model_zoo/converted_vissl_rn50_rotnet_16kclusters_in1k_ep105.torch
ResNet50-NPID-4KNegative,ResNet50-NPID-4KNegative,selfsupervised,selfsupervised,imagenet,"ResNet50-NPID-4KNegative, a self-supervised representation learner trained on ImageNet.",Self-Supervised,Convolutional,vissl,https://github.com/facebookresearch/vissl/, https://dl.fbaipublicfiles.com/vissl/model_zoo/npid_1node_200ep_4kneg_npid_8gpu_resnet_23_07_20.9eb36512/model_final_checkpoint_phase199.torch
ResNet50-PIRL,ResNet50-PIRL,selfsupervised,selfsupervised,imagenet,"ResNet50-PIRL, a self-supervised representation learner trained on ImageNet.",Self-Supervised,Convolutional,vissl,https://github.com/facebookresearch/vissl/, https://dl.fbaipublicfiles.com/vissl/model_zoo/pirl_jigsaw_4node_pirl_jigsaw_4node_resnet_22_07_20.34377f59/model_final_checkpoint_phase799.torch
ResNet50-SimCLR,ResNet50-SimCLR,selfsupervised,selfsupervised,imagenet,"ResNet50-SimCLR, a self-supervised representation learner trained on ImageNet.",Self-Supervised,Convolutional,vissl,https://github.com/facebookresearch/vissl/, https://dl.fbaipublicfiles.com/vissl/model_zoo/simclr_rn50_1000ep_simclr_8node_resnet_16_07_20.afe428c7/model_final_checkpoint_phase999.torch
ResNet50-DeepClusterV2-2x224,ResNet50-DeepClusterV2,selfsupervised,selfsupervised,imagenet,"ResNet50-DeepClusterV2-2x224, a self-supervised representation learner trained on ImageNet.",Self-Supervised,Convolutional,vissl,https://github.com/facebookresearch/vissl/, https://dl.fbaipublicfiles.com/vissl/model_zoo/deepclusterv2_400ep_2x224_pretrain.pth.tar
ResNet50-DeepClusterV2-2x224+6x96,ResNet50-DeepClusterV2,selfsupervised,selfsupervised,imagenet,"ResNet50-DeepClusterV2-2x224+6x96, a self-supervised representation learner trained on ImageNet.",Self-Supervised,Convolutional,vissl,https://github.com/facebookresearch/vissl/, https://dl.fbaipublicfiles.com/vissl/model_zoo/deepclusterv2_800ep_pretrain.pth.tar
ResNet50-SwAV-BS4096-2x224,ResNet50-SwAV-BS4096,selfsupervised,selfsupervised,imagenet,"ResNet50-SwAV-BS4096-2x224, a self-supervised representation learner trained on ImageNet.",Self-Supervised,Convolutional,vissl,https://github.com/facebookresearch/vissl/, https://dl.fbaipublicfiles.com/vissl/model_zoo/swav_in1k_rn50_400ep_swav_8node_resnet_27_07_20.a5990fc9/model_final_checkpoint_phase399.torch
ResNet50-SwAV-BS4096-2x224+6x96,ResNet50-SwAV-BS4096,selfsupervised,selfsupervised,imagenet,"ResNet50-SwAV-BS4096-2x224+6x96, a self-supervised representation learner trained on ImageNet.",Self-Supervised,Convolutional,vissl,https://github.com/facebookresearch/vissl/, https://dl.fbaipublicfiles.com/vissl/model_zoo/swav_8node_2x224_rn50_in1k_swav_8node_resnet_30_07_20.c8fd7169/model_final_checkpoint_phase399.torch
ResNet50-MoCoV2-BS256,ResNet50-MoCoV2-BS256,selfsupervised,selfsupervised,imagenet,"ResNet50-MoCoV2-BS256, a self-supervised representation learner trained on ImageNet.",Self-Supervised,Convolutional,vissl,https://github.com/facebookresearch/vissl/, https://dl.fbaipublicfiles.com/vissl/model_zoo/moco_v2_1node_lr.03_step_b32_zero_init/model_final_checkpoint_phase199.torch
ResNet50-BarlowTwins-BS2048,ResNet50-BarlowTwins-BS2048,selfsupervised,selfsupervised,imagenet,"ResNet50-BarlowTwins-BS2048, a self-supervised representation learner trained on ImageNet.",Self-Supervised,Convolutional,vissl,https://github.com/facebookresearch/vissl/, https://dl.fbaipublicfiles.com/vissl/model_zoo/barlow_twins/barlow_twins_32gpus_4node_imagenet1k_1000ep_resnet50.torch
dino_vits16,Dino-VIT-S16,selfsupervised,selfsupervised,imagenet,Dino-VIT-S16 trained via self supervision with the ImageNet dataset.,SelfSupervised,Transformer,dino,https://github.com/facebookresearch/dino,
dino_vits8,Dino-VIT-S8,selfsupervised,selfsupervised,imagenet,Dino-VIT-S8 trained via self supervision with the ImageNet dataset.,SelfSupervised,Transformer,dino,https://github.com/facebookresearch/dino,
dino_vitb16,Dino-VIT-B16,selfsupervised,selfsupervised,imagenet,Dino-VIT-B16 trained via self supervision with the ImageNet dataset.,SelfSupervised,Transformer,dino,https://github.com/facebookresearch/dino,
dino_vitb8,Dino-VIT-B8,selfsupervised,selfsupervised,imagenet,Dino-VIT-B8 trained via self supervision with the ImageNet dataset.,SelfSupervised,Transformer,dino,https://github.com/facebookresearch/dino,
dino_xcit_small_12_p16,Dino-XCIT-S12-P16,selfsupervised,selfsupervised,imagenet,Dino-XCIT-S12-P16 trained via self supervision with the ImageNet dataset.,SelfSupervised,Transformer,dino,https://github.com/facebookresearch/dino,
dino_xcit_small_12_p8,Dino-XCIT-S12-P8,selfsupervised,selfsupervised,imagenet,Dino-XCIT-S12-P8 trained via self supervision with the ImageNet dataset.,SelfSupervised,Transformer,dino,https://github.com/facebookresearch/dino,
dino_xcit_medium_24_p16,Dino-XCIT-M24-P16,selfsupervised,selfsupervised,imagenet,Dino-XCIT-M24-P16 trained via self supervision with the ImageNet dataset.,SelfSupervised,Transformer,dino,https://github.com/facebookresearch/dino,
dino_xcit_medium_24_p8,Dino-XCIT-M24-P8,selfsupervised,selfsupervised,imagenet,Dino-XCIT-M24-P8 trained via self supervision with the ImageNet dataset.,SelfSupervised,Transformer,dino,https://github.com/facebookresearch/dino,
dino_resnet50,Dino-ResNet50,selfsupervised,selfsupervised,imagenet,Dino-ResNet50 trained via self supervision with the ImageNet dataset.,SelfSupervised,Convolutional,dino,https://github.com/facebookresearch/dino,
DPT_Hybrid,DPT-Hybrid,monoculardepth,monoculardepth,multiple,"DPT-Hybrid, a monocular depth estimation model.",MonocularDepth,,midas,https://github.com/isl-org/MiDaS,
DPT_Large,DPT-Large,monoculardepth,monoculardepth,multiple,"DPT-Large, a monocular depth estimation model.",MonocularDepth,,midas,https://github.com/isl-org/MiDaS,
MiDas,MiDas,monoculardepth,monoculardepth,multiple,"MiDas, a monocular depth estimation model.",MonocularDepth,,midas,https://github.com/isl-org/MiDaS,
MiDas_small,MiDas-Small,monoculardepth,monoculardepth,multiple,"MiDas-Small, a monocular depth estimation model.",MonocularDepth,,midas,https://github.com/isl-org/MiDaS,
faster_rcnn_R_50_C4_3x,Faster-RCNN-ResNet50-C4,detection,detection,coco2017,"Faster-RCNN-ResNet50-C4, trained on detection with the CoCo2017 dataset.",Detection|Segmentation,,detectron,https://github.com/facebookresearch/detectron2/,COCO-Detection/faster_rcnn_R_50_C4_3x.yaml
faster_rcnn_R_50_DC5_3x,Faster-RCNN-ResNet50-DC5,detection,detection,coco2017,"Faster-RCNN-ResNet50-DC5, trained on detection with the CoCo2017 dataset.",Detection|Segmentation,,detectron,https://github.com/facebookresearch/detectron2/,COCO-Detection/faster_rcnn_R_50_DC5_3x.yaml
faster_rcnn_R_50_FPN_3x,Faster-RCNN-ResNet50-FPN,detection,detection,coco2017,"Faster-RCNN-ResNet50-FPN, trained on detection with the CoCo2017 dataset.",Detection|Segmentation,,detectron,https://github.com/facebookresearch/detectron2/,COCO-Detection/faster_rcnn_R_50_FPN_3x.yaml
faster_rcnn_R_101_C4_3x,Faster-RCNN-ResNet101-C4,detection,detection,coco2017,"Faster-RCNN-ResNet101-C4, trained on detection with the CoCo2017 dataset.",Detection|Segmentation,,detectron,https://github.com/facebookresearch/detectron2/,COCO-Detection/faster_rcnn_R_101_C4_3x.yaml
faster_rcnn_R_101_DC5_3x,Faster-RCNN-ResNet101-DC5,detection,detection,coco2017,"Faster-RCNN-ResNet101-DC5, trained on detection with the CoCo2017 dataset.",Detection|Segmentation,,detectron,https://github.com/facebookresearch/detectron2/,COCO-Detection/faster_rcnn_R_101_DC5_3x.yaml
faster_rcnn_R_101_FPN_3x,Faster-RCNN-ResNet101-FPN,detection,detection,coco2017,"Faster-RCNN-ResNet101-FPN, trained on detection with the CoCo2017 dataset.",Detection|Segmentation,,detectron,https://github.com/facebookresearch/detectron2/,COCO-Detection/faster_rcnn_R_101_FPN_3x.yaml
faster_rcnn_X_101_32x8d_FPN_3x,Faster-RCNN-X101-FPN,detection,detection,coco2017,"Faster-RCNN-X101-FPN, trained on detection with the CoCo2017 dataset.",Detection|Segmentation,,detectron,https://github.com/facebookresearch/detectron2/,COCO-Detection/faster_rcnn_X_101_32x8d_FPN_3x.yaml
retinanet_R_50_FPN_3x,RetinaNet-ResNet50-FPN,detection,detection,coco2017,"RetinaNet-ResNet50-FPN, trained on detection with the CoCo2017 dataset.",Detection|Segmentation,,detectron,https://github.com/facebookresearch/detectron2/,COCO-Detection/retinanet_R_50_FPN_3x.yaml
retinanet_R_101_FPN_3x,RetinaNet-ResNet101-FPN,detection,detection,coco2017,"RetinaNet-ResNet101-FPN, trained on detection with the CoCo2017 dataset.",Detection|Segmentation,,detectron,https://github.com/facebookresearch/detectron2/,COCO-Detection/retinanet_R_101_FPN_3x.yaml
mask_rcnn_R_50_C4_3x,Mask-RCNN-ResNet50-C4,segmentation,segmentation,coco2017,"Mask-RCNN-ResNet50-C4, trained on segmentation with the CoCo2017 dataset.",Detection|Segmentation,,detectron,https://github.com/facebookresearch/detectron2/,COCO-InstanceSegmentation/mask_rcnn_R_50_C4_3x.yaml
mask_rcnn_R_50_DC5_3x,Mask-RCNN-ResNet50-DC5,segmentation,segmentation,coco2017,"Mask-RCNN-ResNet50-DC5, trained on segmentation with the CoCo2017 dataset.",Detection|Segmentation,,detectron,https://github.com/facebookresearch/detectron2/,COCO-InstanceSegmentation/mask_rcnn_R_50_DC5_3x.yaml
mask_rcnn_R_50_FPN_3x,Mask-RCNN-ResNet50-FPN,segmentation,segmentation,coco2017,"Mask-RCNN-ResNet50-FPN, trained on segmentation with the CoCo2017 dataset.",Detection|Segmentation,,detectron,https://github.com/facebookresearch/detectron2/,COCO-InstanceSegmentation/mask_rcnn_R_50_FPN_3x.yaml
mask_rcnn_R_101_C4_3x,Mask-RCNN-ResNet101-C4,segmentation,segmentation,coco2017,"Mask-RCNN-ResNet101-C4, trained on segmentation with the CoCo2017 dataset.",Detection|Segmentation,,detectron,https://github.com/facebookresearch/detectron2/,COCO-InstanceSegmentation/mask_rcnn_R_101_C4_3x.yaml
mask_rcnn_R_101_DC5_3x,Mask-RCNN-ResNet101-DC5,segmentation,segmentation,coco2017,"Mask-RCNN-ResNet101-DC5, trained on segmentation with the CoCo2017 dataset.",Detection|Segmentation,,detectron,https://github.com/facebookresearch/detectron2/,COCO-InstanceSegmentation/mask_rcnn_R_101_DC5_3x.yaml
mask_rcnn_R_101_FPN_3x,Mask-RCNN-ResNet101-FPN,segmentation,segmentation,coco2017,"Mask-RCNN-ResNet101-FPN, trained on segmentation with the CoCo2017 dataset.",Detection|Segmentation,,detectron,https://github.com/facebookresearch/detectron2/,COCO-InstanceSegmentation/mask_rcnn_R_101_FPN_3x.yaml
mask_rcnn_X_101_32x8d_FPN_3x,Mask-RCNN-X101-FPN,segmentation,segmentation,coco2017,"Mask-RCNN-X101-FPN, trained on segmentation with the CoCo2017 dataset.",Detection|Segmentation,,detectron,https://github.com/facebookresearch/detectron2/,COCO-InstanceSegmentation/mask_rcnn_X_101_32x8d_FPN_3x.yaml
keypoint_rcnn_R_50_FPN_3x,Keypoint-RCNN-ResNet50-FPN,segmentation,segmentation,coco2017,"Keypoint-RCNN-ResNet50-FPN, trained on segmentation with the CoCo2017 dataset.",Detection|Segmentation,,detectron,https://github.com/facebookresearch/detectron2/,COCO-Keypoints/keypoint_rcnn_R_50_FPN_3x.yaml
panoptic_fpn_R_50_3x,Panoptic-RCNN-ResNet50-FPN,panoptics,panoptics,coco2017,"Panoptic-RCNN-ResNet50-FPN, trained on panoptics with the CoCo2017 dataset.",Detection|Segmentation,,detectron,https://github.com/facebookresearch/detectron2/,COCO-PanopticSegmentation/panoptic_fpn_R_50_3x.yaml
mask_rcnn_R_50_FPN_1x,LVIS-RCNN-ResNet50-FPN,segmentation,segmentation,LVIS,"LVIS-RCNN-ResNet50-FPN, trained on segmentation with the CoCo2017 dataset.",Detection|Segmentation,,detectron,https://github.com/facebookresearch/detectron2/,LVISv0.5-InstanceSegmentation/mask_rcnn_R_50_FPN_1x.yaml
mask_rcnn_R_101_FPN_1x,LVIS-RCNN-ResNet101-FPN,segmentation,segmentation,LVIS,"LVIS-RCNN-ResNet101-FPN, trained on segmentation with the CoCo2017 dataset.",Detection|Segmentation,,detectron,https://github.com/facebookresearch/detectron2/,LVISv0.5-InstanceSegmentation/mask_rcnn_R_101_FPN_1x.yaml
mask_rcnn_X_101_32x8d_FPN_1x,LVIS-RCNN-X101-FPN,segmentation,segmentation,LVIS,"LVIS-RCNN-X101-FPN, trained on segmentation with the CoCo2017 dataset.",Detection|Segmentation,,detectron,https://github.com/facebookresearch/detectron2/,LVISv0.5-InstanceSegmentation/mask_rcnn_X_101_32x8d_FPN_1x.yaml
